{
    "type":"GenericSmelter",
    "name":"[white]核爆压缩机LV4",
    "description":"[white]利用核弹爆炸的冲击力来压缩压缩压缩压缩(套娃?)物质，效果很好。
生命值：2500
大小：6
能量消耗：50 (3000)
物品储量：500
生产速度：60 (1秒)
可以被超频
“[red]反正你只是架飞机[white]”",
    "health":"2500",
    "size":"6",
    "hasItems":"true",
    "consumesPower":"true",
    "itemCapacity":"500",
    "craftTime":"60",
    "consumes":{
        "power":50,
        "items":{
            "items":[
                {"item":"hdddt","amount":40}
                {"item":"yswzLV3","amount":500}
            ]
        }
    },
    "outputItem":
    {"item":"yswzLV4","amount":250},
    "requirements":[
        {"item":"silicon","amount":500}
        {"item":"surge-alloy","amount":1000}
        {"item":"plastanium","amount":500}
        {"item":"yswzLV3","amount":500}
    ],
    "category":"crafting",
    "research":"hbysjLV3"
}