{
    "type":"GenericCrafter",
    "name":"[white]核爆压缩机LV2",
    "description":"[white]利用核弹爆炸的冲击力来压缩压缩物质，效果很好。
生命值：1500
大小：4
能量消耗：50 (3000)
物品储量：2000
生产速度：60 (1秒)
可以被超频
“[red]千万要保护好你的耳朵[white]”",
    "health":"1500",
    "size":"4",
    "hasShadow":"flase",
    "hasItems":"true",
    "consumesPower":"true",
    "itemCapacity":"2000",
    "craftTime":"60",
    "consumes":{
        "power":50,
        "items":{
            "items":[
                {"item":"hdddt","amount":20}
                {"item":"yswzLV1","amount":2000}
            ]
        }
    },
    "outputItem":
    {"item":"yswzLV2","amount":1000},
    "requirements":[
        {"item":"silicon","amount":500}
        {"item":"surge-alloy","amount":1000}
        {"item":"plastanium","amount":500}
        {"item":"yswzLV1","amount":2000}
    ],
    "category":"crafting",
    "research":"hbysjLV1"
}