{
    "type":"GenericCrafter",
    "name":"[white]弹药推进剂合成器",
    "description":"[white]正常的炮弹都需要这东西。
生命值：400
大小：3
能量消耗：1 (60)
物品储量：20
生产速度：600 (10秒)
可以被超频
“一台机子顶不住消耗?那就再造一台”",
    "health":"400",
    "size":"3",
    "hasItems":"true",
    "consumesPower":"true",
    "itemCapacity":"20",
    "craftTime":"600",
    "consumes":{
        "power":1,
        "items":{
            "items":[
                {"item":"blast-compound","amount":1}
                {"item":"pyratite","amount":2}
            ]
        }
    },
    "outputItem":
    {"item":"dytjj","amount":10},
    "requirements":[
        {"item":"copper","amount":200}
        {"item":"lead","amount":130}
        {"item":"titanium","amount":150}
        {"item":"graphite","amount":120}
        {"item":"silicon","amount":100}
    ],
    "category":"crafting",
    "research":"gxsc"
}