{
    "type":"GenericSmelter",
    "name":"[white]天谴炮弹加工机",
    "description":"[white]生产极具磁力的炮弹。
生命值：800
大小：6
能量消耗：5 (300)
物品储量：20
液体存储：180
生产速度：1200 (20秒)
可以被超频
“任何没有被固定的金属禁止长时间放在车间内”",
    "health":800,
    "size":6,
    "hasItems":true,
    "hasLiquids":true,
    "consumesPower":true,
    "itemCapacity":20,
    "liquidCapacity":180,
    "craftTime":600,
    "flameColor":"a9d8ff",
    "consumes":{
        "power":5,
        "items":{
            "items":[
                {"item":"ychj","amount":5}
            ]
        },
        "liquid":{
            "liquid":"cryofluid","amount":1
        }
    },
    "outputItem":
    {"item":"tqzypd","amount":1},
    "requirements":[
        {"item":"copper","amount":500}
        {"item":"lead","amount":250}
        {"item":"titanium","amount":300}
        {"item":"thorium","amount":500}
        {"item":"graphite","amount":200}
        {"item":"silicon","amount":700}
        {"item":"plastanium","amount":200}
        {"item":"phase-fabric","amount":100}
    ],
    "category":"crafting",
    "research":"dytjjhcq"
}