{
    "type":"GenericSmelter",
    "name":"[white]永磁合金冶炼厂",
    "description":"[white]生产极具磁力的合金
生命值：400
大小：3
能量消耗：10 (600)
物品储量：40
生产速度：120 (2秒)
可以被超频
“你知道我为了把粘在上面的强磁铁弄下来费了多大劲吗”",
    "health":"400",
    "size":"3",
    "hasItems":"true",
    "consumesPower":"true",
    "itemCapacity":"40",
    "craftTime":"120",
    "flameColor":"ffffff",
    "consumes":{
        "power":10,
        "items":{
            "items":[
                {"item":"ct","amount":20}
                {"item":"surge-alloy","amount":5}
            ]
        }
    },
    "outputItem":
    {"item":"ychj","amount":1},
    "requirements":[
        {"item":"silicon","amount":500}
        {"item":"surge-alloy","amount":1000}
        {"item":"plastanium","amount":500}
    ],
    "category":"crafting",
    "research":"gxsc"
}