{
    "name":"[red]工业革新重制版",
    "author":"幻森233_(虽然你看见我我不会承认)",
    "description":"废话：
针不戳

版本：
重制版将不会支持6.0以下的版本，老版本请去玩非重制版；
mod版本号将随缘，你可能会看见奇怪的版本号；
mod偏向电脑端玩家，手机端出问题请自行解决；
**更 新 随 缘**

更新：
自己找，某些情况记得拆包

模组常驻下载地址：
https://github.com/HuanSen233/-INDUSTRIAL-INNOVATION-mods-source-code-

开源地址：
https://github.com/HuanSen233/-INDUSTRIAL-INNOVATION-mods-source-code-",
    "version":"[green]阿巴阿巴阿巴",
    "minGameVersion":"106"
}