{
    "type":"UnitFactory",
    "name":"[red]工业革新-测试单位工厂",
    "description":"[white]生产所有工业革新单位",
    "health":1000000,
    "size":14,
    "plans":[
        {
            "unit":"kp",
            "time":1,
            "requirements":[]
        }
        {
            "unit":"kte",
            "time":1,
            "requirements":[]
        }
        {
            "unit":"jxz",
            "time":1,
            "requirements":[]
        }
    ],
	"category":"units",
    "buildVisibility":"sandboxOnly"
}