{
    "type":"resource",
    "name":"[blue]蓝硅",
    "description":"[white]蓝硅，一种在极端环境下才可能自然生成的矿物。
与其说是矿物，它的结构更像是植物，
但这也不能掩盖它的危险性!
颜色：蓝 (0000FF)
挖掘等级：5 (爆破钻头)
爆炸性：1000 (完全可以用来掀掉波动墙)
可燃性：0.29 (你可以试着扔进发电机)
辐射性：切尔诺贝利的十倍
“除非你把我干掉，否则我不会去接近那玩意儿————来自矿物研究总部三级员工”",
    "color":"0000FF",
    "explosiveness":"1000",
    "flammability":"0.29",
    "radioactivity":"10",
    "hardness":"5",
    "cost":"60",
    "alwaysUnlocked":"true"
}