{
    "type":"mech",//种类：机甲
    "health":80000,//生命值
    "armor":800,//装甲
    "hitSize":100,//大小
    "canBoost":true,//是否助推
    "boostMultiplier":1000,//助推速度倍率
    "speed":0.001,//基础速度
    "rotatespeed":3,//转身速度
    "baseRotateSpeed":0,//基座旋转速度
    "drag":3,//速度阻力
    "accel":10,//加速度
    "landShake":0,//机甲晃动幅度
    "rippleScale":100,//走在水上时波纹大小
    "fallSpeed":1,//摔下去的速度
    "range":500,//射程范围
    "maxRange":500,//最大射程范围
    "targetAir":true,//是否对空
    "targetGround":true,//是否对地
    "faceTarget":true,//是否攻击时面朝对象
    "rotateShooting":true,//是否射击时旋转
    "omniMovement":true,//全方位运动
    "ammoCapacity":1000,//弹药容量
    "ammoResupplyAmount":20,//补给弹药时一物品等于多少弹药
    "ammoResupplyRange":100,//补给弹药所需范围
    "itemCapacity":0,//物品容量
	"itemOffsetY":0,//物品显示离中心Y轴
    "canDrown":false,//是否会溺水死亡
    "engineSize":0,//引擎大小
    "engineOffset":0,//引擎在Y轴的位置偏移量
    "lightRadius":100,//光源半径
    "lightOpacity":1,//光源透明度，1完全透明，0完全不透明
    "lightColor":"ffffff",//光源颜色
    "drawCell":true,//渲染队伍灯
    "drawItems":true,//渲染物品显示
    "immunities":[//无法被施加的状态
        "freezing",
        "shocked",
        "corroded"
    ],
    "deathSound":"bang",//死亡音效
    "weapons":[//武器
        {
            "name":"ktezp",//武器名字对应贴图名字
            //"mirror":false,//镜像翻转武器
            //"alternate":false,//交替射击
            "rotate":false,//是否独立旋转
            //"rotateSpeed":0,//武器旋转的速度
            "reload":420,//射速
            "cooldownTime":280,//武器冷却时间
            "shots":1,//一次发射子弹的数量
            "inaccuracy":0,//精准度
            //"spacing":0,//多次射击时精准度偏移
            "recoil":0,//后坐力
            //"ignoreRotation":true,//射击时是否忽略单位的移动
            "y":38.76,//武器Y轴偏移
            "x":0,//武器X轴偏移
            "shootY":0,//发射口Y轴偏移
            "shootX":0,//发射口X轴偏移
            //"continuous":false,//是否固定子弹射击的位置
            "top":false,//是否在所有贴图上面
            "ejectEffect":"shieldBreak",//射击效果
            "shootSound":"laserbig",//射击声音
            "noAmmoSound":"noammo",//无弹药时的射击声
            "heatColor":"ab3400ff",//发热颜色
            "shadow":-0,//武器下方的阴影半径，小于0禁用
            "bullet":{//子弹
                "type":"BasicBulletType",//子弹类型
                "width":50,//子弹宽度
                "height":50,//子弹长度
                "backColor":"6bb7ff",//子弹-back贴图颜色
                "frontColor":"6bb7ff",//子弹贴图颜色
                "speed":5,//子弹速度
                "damage":500,//伤害
                "splashDamage":250,//范围伤害的伤害
                "splashDamageRadius":40,//范围伤害的范围
                //"healPercent":10,//治疗百分比
                "lifetime":120,//子弹存在时间
                "hitShake":0.5,//屏幕震动幅度
                "knockback":0,//击退
                //"homingPower":100,//追踪力度
                //"homingRange":100,//追踪范围
                "hitEffect":"nuclearShockwave",//击中特效
                "despawnEffect":"nuclearShockwave",//超时特效
                "shootEffect":"none",//射击效果
                "smokeEffect":"none",//射击烟雾
                "fragBullets":50,//破片数量
                "fragVelocityMin":1,//破片最小速度倍率
                "fragVelocityMax":1,//破片最大速度倍率
                "fragBullet":{//破片
                    "type":"BasicBulletType",//子弹类型
                    "width":25,//子弹宽度
                    "height":25,//子弹长度
                    "backColor":"6bb7ff",//子弹-back贴图颜色
                    "frontColor":"6bb7ff",//子弹贴图颜色
                    "speed":2.5,//子弹速度
                    "damage":250,//伤害
                    "splashDamage":125,//范围伤害的伤害
                    "splashDamageRadius":20,//范围伤害的范围
                    //"healPercent":10,//治疗百分比
                    "lifetime":60,//子弹存在时间
                    "hitShake":0.25,//屏幕震动幅度
                    "knockback":0,//击退
                    //"homingPower":50,//追踪力度
                    //"homingRange":50,//追踪范围
                    "hitEffect":"bigShockwave",//击中特效
                    "despawnEffect":"bigShockwave",//超时特效
                    "fragBullets":25,//破片数量
                    "fragBullet":{//破片
                        "type":"BasicBulletType",//子弹类型
                        "width":12.5,//子弹宽度
                        "height":12.5,//子弹长度
                        "backColor":"6bb7ff",//子弹-back贴图颜色
                        "frontColor":"6bb7ff",//子弹贴图颜色
                        "speed":1.25,//子弹速度
                        "damage":125,//伤害
                        "splashDamage":62,//范围伤害的伤害
                        "splashDamageRadius":10,//范围伤害的范围
                        //"healPercent":10,//治疗百分比
                        "lifetime":30,//子弹存在时间
                        "hitShake":0.125,//屏幕震动幅度
                        "knockback":0,//击退
                        //"homingPower":25,//追踪力度
                        //"homingRange":25,//追踪范围
                        "hitEffect":"shockwave",//击中特效
                        "despawnEffect":"shockwave",//超时特效
                    }
                }
            }
        },
        {
            "name":"ktezlq",//武器名字对应贴图名字
            "mirror":false,//镜像翻转武器
            //"alternate":false,//交替射击
            "rotate":true,//是否独立旋转
            //"rotateSpeed":0,//武器旋转的速度
            "reload":60,//射速
            "shots":1,//一次发射子弹的数量
            "inaccuracy":0,//精准度
            //"spacing":0,//多次射击时精准度偏移
            "recoil":1,//后坐力
            //"ignoreRotation":true,//射击时是否忽略单位的移动
            "y":-23,//武器Y轴偏移
            "x":19,//武器X轴偏移
            "shootY":17,//发射口Y轴偏移
            "shootX":0,//发射口X轴偏移
            //"continuous":false,//是否固定子弹射击的位置
            "top":false,//是否在所有贴图上面
            "ejectEffect":"none",//射击效果
            //"shootSound":"pow",//射击声音
            "noAmmoSound":"noammo",//无弹药时的射击声
            "heatColor":"ab3400ff",//发热颜色
            "shadow":-0,//武器下方的阴影半径，小于0禁用
            "bullet":{//子弹
                "type":"BasicBulletType",
                "width":3,//子弹宽度
                "height":25,//子弹长度
                "backColor":"62ae7f",//子弹-back贴图颜色
                "frontColor":"84f491",//子弹贴图颜色
                "speed":10,//子弹速度
                "damage":20,//伤害
                "splashDamage":0,//范围伤害的伤害
                "splashDamageRadius":0,//范围伤害的范围
                "healPercent":5,//治疗百分比
                "lifetime":100,//子弹存在时间
                "hitShake":0,//屏幕震动幅度
                "knockback":0,//击退
                "hitEffect":"heal",//击中特效
                "despawnEffect":"heal",//超时特效
                "shootEffect":"shootHeal",//射击效果
                "smokeEffect":"none",//射击烟雾
            }
        },
        {
            "name":"kteddfsc",//武器名字对应贴图名字
            "mirror":false,//镜像翻转武器
            //"alternate":false,//交替射击
            "rotate":true,//是否独立旋转
            //"rotateSpeed":0,//武器旋转的速度
            "reload":2,//射速
            "shots":5,//一次发射子弹的数量
            "inaccuracy":0,//精准度
            //"spacing":0,//多次射击时精准度偏移
            "recoil":0,//后坐力
            //"ignoreRotation":true,//射击时是否忽略单位的移动
            "y":-23,//武器Y轴偏移
            "x":-19,//武器X轴偏移
            "shootY":10,//发射口Y轴偏移
            "shootX":0,//发射口X轴偏移
            //"continuous":false,//是否固定子弹射击的位置
            "top":false,//是否在所有贴图上面
            "ejectEffect":"none",//射击效果
            "shootSound":"release",//射击声音
            "noAmmoSound":"noammo",//无弹药时的射击声
            "heatColor":"ab3400ff",//发热颜色
            "shadow":-0,//武器下方的阴影半径，小于0禁用
            "bullet":{//子弹
                "type":"MissileBulletType",
                "width":5,//子弹宽度
                "height":15,//子弹长度
                "backColor":"6e7080",//子弹-back贴图颜色
                "frontColor":"b0bac0",//子弹贴图颜色
                "speed":10,//子弹速度
                "damage":100,//伤害
                "splashDamage":5,//范围伤害的伤害
                "splashDamageRadius":100,//范围伤害的范围
                //"healPercent":5,//治疗百分比
                "lifetime":100,//子弹存在时间
                "hitShake":0,//屏幕震动幅度
                "knockback":0,//击退
                "homingPower":1,//追踪力度
                "homingRange":600,//追踪范围
                "hitEffect":"shockwave",//击中特效
                "despawnEffect":"shockwave",//超时特效
                //"shootEffect":"shootHeal",//射击效果
                //"smokeEffect":"none",//射击烟雾
            }
        }
    ],
	"research":"kp",//科技树前置
	"alwaysUnlocked":true//是否始终解锁科技
}