{
    "type":"GenericCrafter",
    "health":"1000",
    "size":"3",
    "hasShadow":"flase",
    "hasItems":"true",
    "consumesPower":"true",
    "itemCapacity":"2000",
    "craftTime":"60",
    "consumes":{
        "power":50,
        "items":{
            "items":[
                {"item":"hdddt","amount":10}
            ]
        }
    },
    "outputItem":
    {"item":"yswzLV1","amount":2000},
    "requirements":[
        {"item":"silicon","amount":500}
        {"item":"surge-alloy","amount":1000}
        {"item":"plastanium","amount":500}
    ],
    "category":"crafting",
    "research":"hdtzzj"
}