{
    "type":"GenericSmelter",
    "health":"2000",
    "size":"5",
    "hasItems":"true",
    "consumesPower":"true",
    "itemCapacity":"1000",
    "craftTime":"60",
    "consumes":{
        "power":50,
        "items":{
            "items":[
                {"item":"hdddt","amount":30}
                {"item":"yswzLV2","amount":1000}
            ]
        }
    },
    "outputItem":
    {"item":"yswzLV3","amount":500},
    "requirements":[
        {"item":"silicon","amount":500}
        {"item":"surge-alloy","amount":1000}
        {"item":"plastanium","amount":500}
        {"item":"yswzLV2","amount":1000}
    ],
    "category":"crafting",
    "research":"hbysjLV2"
}