{
    "type":"GenericSmelter",
    "health":"2500",
    "size":"6",
    "hasItems":"true",
    "consumesPower":"true",
    "itemCapacity":"500",
    "craftTime":"60",
    "consumes":{
        "power":50,
        "items":{
            "items":[
                {"item":"hdddt","amount":40}
                {"item":"yswzLV3","amount":500}
            ]
        }
    },
    "outputItem":
    {"item":"yswzLV4","amount":250},
    "requirements":[
        {"item":"silicon","amount":500}
        {"item":"surge-alloy","amount":1000}
        {"item":"plastanium","amount":500}
        {"item":"yswzLV3","amount":500}
    ],
    "category":"crafting",
    "research":"hbysjLV3"
}