{
    "type":"GenericCrafter",
    "name":"[blue]蓝硅[white]培养仓",
    "description":"[white]因蓝硅的结构类似植物，[yellow]并且性质还真是植物[white]，
可以用培养植物的方式让其缓慢生长，
“我们只需要将高放射性矿物作为土壤再创造一个极端环境用孢子作为种子并时不时浇亿点硅就行了。”
生命值：3200
大小：9
能量消耗：30 (1800)
物品储量：10000
生产速度：6000 (100秒)
可以被超频
“你他娘的真是个人才”",
    "health":"3200",
    "size":"9",
    "hasItems":"true",
    "consumesPower":"true",
    "itemCapacity":"10000",
    "craftTime":"6000",
    "consumes":{
        "power":30,
        "items":{
            "items":[
                {"item":"spore-pod","amount":1}
                {"item":"silicon","amount":10000}
            ]
        }
    },
    "outputItem":
    {"item":"lg","amount":100},
    "requirements":[
        {"item":"copper","amount":2300}
        {"item":"lead","amount":5600}
        {"item":"titanium","amount":8200}
        {"item":"thorium","amount":8200}
        {"item":"graphite","amount":930}
        {"item":"silicon","amount":1500}
        {"item":"surge-alloy","amount":1000}
        {"item":"plastanium","amount":600}
        {"item":"phase-fabric","amount":200}
        {"item":"yswzLV4","amount":100}
    ],
    "category":"crafting",
    "research":"hbysjLV4"
}