{
    "type":"SingleTypeGenerator",
    "health":"300",
    "size":"3",
    "canOverdrive":"false",
    "hasItems":"true",
    "itemCapacity":"10",
    "itemDuration":"30",
    "powerProduction":"600",
    "consumes":{
        "items":{
            "items":[
                {"item":"lg","amount":1}
            ]
        }
    },
    "requirements":[
        {"item":"copper","amount":250}
        {"item":"lead","amount":100}
        {"item":"thorium","amount":200}
        {"item":"graphite","amount":150}
        {"item":"silicon","amount":100}
        {"item":"plastanium","amount":75}
    ],
    "category":"power",
    "research":"gxdl"
}