{
	"type":"payload",//种类：运输机
	"name":"[white]画风不一样的飞机",//名称
	"description":"[white]画风明显不一样
生命值：200
装甲：30
大小：25
指挥上限：8
物品容量：40
载货容量：64 (1方块)
采矿等级：2
采矿速度：1 (100%)
建造速度：3 (300%)
移动速度：3
旋转速度：5
“丑死”",//简介
	"health":200,//生命值
	"armor":30,//装甲
	"hitSize":25,//大小
	"flying":true,//是否飞行
	"lowAltitude":true,//是否低空飞行
	"speed":3,//基础速度
	"rotateSpeed":5,//旋转速度
	"buildSpeed":3,//建造速度
	"mineTier":2,//采矿等级
	"mineSpeed":1,//采矿速度
    "itemCapacity":40,//物品容量
	"itemOffsetY":0,//物品显示离中心Y轴
	"payloadCapacity":64,//载货容量 64/1
	"commandLimit":8,//指挥上限
	"engineSize":5,//引擎大小
	"engineOffset":10,//引擎离中心Y轴
	"lightRadius":10,//光源半径
	"lightColor":"ffffff",//光源颜色
	"alwaysUnlocked":true//解锁科技
}