{
    "type":"GenericCrafter",
    "health":"360",
    "size":"3",
    "hasItems":"true",
    "consumesPower":"true",
    "itemCapacity":"20",
    "craftTime":"60",
    "consumes":{
        "power":0.8,
        "items":{
            "items":[
                {"item":"blast-compound","amount":2}
                {"item":"thorium","amount":1}
            ]
        }
    },
    "outputItem":
    {"item":"fshhw","amount":1},
    "requirements":[
        {"item":"copper","amount":2300}
        {"item":"lead","amount":5600}
        {"item":"titanium","amount":8200}
        {"item":"thorium","amount":8200}
        {"item":"graphite","amount":930}
        {"item":"silicon","amount":1500}
        {"item":"surge-alloy","amount":1000}
        {"item":"plastanium","amount":600}
        {"item":"phase-fabric","amount":200}
    ],
    "category":"crafting",
    "research":"gxsc"
}