{
    "type":"GenericCrafter",
    "health":"450",
    "size":"4",
    "hasItems":"true",
    "consumesPower":"true",
    "itemCapacity":"60",
    "craftTime":"600",
    "consumes":{
        "power":7,
        "items":{
            "items":[
                {"item":"fshhw","amount":30}
                {"item":"plastanium","amount":10}
            ]
        }
    },
    "outputItem":
    {"item":"hdddt","amount":1},
    "requirements":[
        {"item":"copper","amount":500}
        {"item":"lead","amount":650}
        {"item":"titanium","amount":1000}
        {"item":"thorium","amount":300}
        {"item":"graphite","amount":420}
        {"item":"metaglass","amount":700}
        {"item":"silicon","amount":600}
        {"item":"surge-alloy","amount":300}
        {"item":"plastanium","amount":100}
    ],
    "category":"crafting",
    "research":"fswhhq"
}