{
    "type":"UnitFactory",
    "health":1000000,
    "size":3,
    "plans":[
        {
            "unit":"alpha",
            "time":1,
            "requirements":[]
        },
        {
            "unit":"beta",
            "time":1,
            "requirements":[]
        },
        {
            "unit":"gamma",
            "time":1,
            "requirements":[]
        },
        {
            "unit":"dagger",
            "time":1,
            "requirements":[]
        },
        {
            "unit":"mace",
            "time":1,
            "requirements":[]
        },
        {
            "unit":"fortress",
            "time":1,
            "requirements":[]
        },
        {
            "unit":"scepter",
            "time":1,
            "requirements":[]
        },
        {
            "unit":"reign",
            "time":1,
            "requirements":[]
        },
        {
            "unit":"crawler",
            "time":1,
            "requirements":[]
        },
        {
            "unit":"spiroct",
            "time":1,
            "requirements":[]
        },
        {
            "unit":"arkyid",
            "time":1,
            "requirements":[]
        },
        {
            "unit":"toxopid",
            "time":1,
            "requirements":[]
        },
        {
            "unit":"flare",
            "time":1,
            "requirements":[]
        },
        {
            "unit":"horizon",
            "time":1,
            "requirements":[]
        },
        {
            "unit":"zenith",
            "time":1,
            "requirements":[]
        },
        {
            "unit":"antumbra",
            "time":1,
            "requirements":[]
        },
        {
            "unit":"eclipse",
            "time":1,
            "requirements":[]
        },
        {
            "unit":"nova",
            "time":1,
            "requirements":[]
        },
        {
            "unit":"pulsar",
            "time":1,
            "requirements":[]
        },
        {
            "unit":"quasar",
            "time":1,
            "requirements":[]
        },
        {
            "unit":"vela",
            "time":1,
            "requirements":[]
        },
        {
            "unit":"corvus",
            "time":1,
            "requirements":[]
        },
        {
            "unit":"mono",
            "time":1,
            "requirements":[]
        },
        {
            "unit":"poly",
            "time":1,
            "requirements":[]
        },
        {
            "unit":"mega",
            "time":1,
            "requirements":[]
        },
        {
            "unit":"quad",
            "time":1,
            "requirements":[]
        },
        {
            "unit":"oct",
            "time":1,
            "requirements":[]
        },
        {
            "unit":"risso",
            "time":1,
            "requirements":[]
        },
        {
            "unit":"minke",
            "time":1,
            "requirements":[]
        },
        {
            "unit":"bryde",
            "time":1,
            "requirements":[]
        },
        {
            "unit":"sei",
            "time":1,
            "requirements":[]
        },
        {
            "unit":"omura",
            "time":1,
            "requirements":[]
        }
    ],
	"category":"units",
    "buildVisibility":"sandboxOnly"
}