{
    "type":"ItemTurret",//类型
    "name":"[gray]天谴",//名字
    "description":"[white]陆基电磁轨道炮，
[red]攻击单位需要人为瞄准，使用专用的弹药，
因结构特殊装弹速度很慢，
拥有非常坚硬的装甲和精密的结构，正因如此只要造了就很难在短时间内被拆除[white]。
生命值：30720
大小：14
可以被超频
“不要让它打到小怪，因为那样做很亏”
[yellow]精准度：0 (100%)
射速：6000 (100秒)
范围：1200
瞄准偏角：1
子弹散布：0
[blue]是否对空：否
是否对地：否
    需玩家控制瞄准或自己用处理器写辅助瞄准
[yellow]物品容量：100
弹仓容量：1
单次射击所用弹药：1
单管炮：
    单次射击的子弹数量：1
    交替射击：否
炮台旋转速度：600
炮台后座力：0
炮台复位速度：1
射击音效：tqfs (自定义)
射击特效：lancerLaserShoot (蓝瑟射击)
冒烟特效：nuclearShockwave (核冲击波)
[red]所用弹药：
    天谴专用炮弹：
        类型：BasicBulletType (基础子弹)
        1个物品=1发子弹
        子弹伤害：48000
        击退：0
        击中给予状态：melting (写燃烧但它是融化)
        子弹速度：100
        定速巡航：是
        子弹存在时间：20
        子弹贯穿单位：是
        子弹贯穿建筑：是",//简介
    "health":30720,//生命值
    "size":14,//大小
    "hasItems":true,//是否存储物品
    "itemCapacity":100,//物品储量
    "reloadTime":6000,//射速
    "inaccuracy":0,//精准度
    "rotateSpeed":600,//炮台旋转速度
    "range":1200,//范围
    "shots":1,//一次发射子弹的数量
    "shootCone":1,//瞄准最大偏角
    "spread":0,//子弹散布区域
    "recoilAmount":0,//炮台后座力
    "restitution":1,//回复原位速度
    "alternate":false,//是否交替射击
    "shotWidth":2,//炮口的间距
    "targetGround":false,//是否瞄准地面单位
    "targetAir":false,//是否瞄准空中单位
    "shootSound":"tqfs",//射击音效
    "shootEffect":"lancerLaserShoot",//射击特效
    "smokeEffect":"nuclearShockwave",//冒烟特效
    "heatColor":"5695d0",//发热颜色
    "maxAmmo":1,//弹仓容纳数量
    "ammoPerShot":1,//射击一次用多少子弹
	"ammoTypes":{//所用弹药
		"tqzypd":{//子弹所需物品
            "type":"BasicBulletType",//子弹类型
            "sprite":"[red]工业革新重制版-tqzd",//子弹贴图
			"width":20,//子弹宽
			"height":100,//子弹长
			"shrinkY":0,//子弹大小缩放
			"knockback":0,//击退
			//"backColor":"000000",//子弹-back贴图颜色
			//"frontColor":"000000",//子弹贴图颜色
			"collides":true,//子弹是否碰撞
			"keepVelocity":true,//子弹巡航是否锁定速度
			"speed":100,//子弹速度
			"damage":48000,//子弹伤害
			"splashDamageRadius":0,//子弹范围伤害的范围
			"splashDamage":0,//子弹范围伤害的伤害
			"pierce":true,//子弹是否贯穿单位
			"pierceBuilding":true,//子弹是否贯穿建筑
			"lifetime":20,//子弹巡航(存在)时间
            "ammoMultiplier":1,//1物品等于多少子弹
            "status":"melting"//子弹击中敌人给予的效果
		}
    },
    "requirements":[
        {"item":"copper","amount":10200}
        {"item":"graphite","amount":30000}
        {"item":"silicon","amount":45000}
        {"item":"plastanium","amount":9000}
        {"item":"surge-alloy","amount":52000}
        {"item":"phase-fabric","amount":12000}
        {"item":"yswzLV4","amount":25000}
        {"item":"lg","amount":10000}
        {"item":"ychj","amount":12000}
    ],
    "category":"turret",
    "research":"zn"
}