{
    "type":"ItemTurret",//类型
    "name":"[gray]灾难",//名字
    "description":"[white]巨型极速扇形射击炮，[red]能在非常短的时间内向敌人倾泄成吨你辛辛苦苦制作的弹药，所以需要非常强大的弹药供应链[white]。
生命值：10240
大小：9
可以被超频
“每有一台灾难火力全开就有N条弹药供应链血压拉满，顺带加上一名军需官的咆哮声”
[yellow]精准度：0 (100%)
射速：0.125 (很快就是了)
范围：800
瞄准偏角：5
子弹散布：2
是否对空：否
是否对地：是
物品容量：100
弹仓容量：256
单次射击所用弹药：1
单管炮：
    单次射击的子弹数量：6
    交替射击：否
炮台旋转速度：60
炮台后座力：3
炮台复位速度：0.05
射击音效：shotgun (滑膛枪,代表：雷光)
[red]所用弹药：
    铜制无壳炮弹：
        类型：BasicBulletType (基础子弹)
        1个物品=1发子弹
        子弹伤害：250
        击退：3
        击中给予状态：freezing (冰冻)
        子弹速度：20
        定速巡航：是
        子弹存在时间：60
        子弹贯穿单位：否
        子弹贯穿建筑：否
        子弹是否开启空中单位碰撞：否",//简介
    "health":10240,//生命值
    "size":9,//大小
    "hasItems":"true",//是否存储物品
    "itemCapacity":100,//物品储量
    "reloadTime":0.125,//射速
    "inaccuracy":0,//精准度
    "rotateSpeed":240,//炮台旋转速度
    "range":800,//范围
    "shots":6,//一次发射子弹的数量
    "shootCone":5,//瞄准最大偏角
    "spread":2,//子弹散布区域
    "recoilAmount":3,//炮台后座力
    "restitution":0.05,//回复原位速度
    "alternate":false,//是否交替射击
    //"shotWidth":4,//炮口的间距
    "targetGround":"true",//是否瞄准地面单位
    "targetAir":"false",//是否瞄准空中单位
    "shootSound":"shotgun",//射击音效
    "maxAmmo":600,//弹仓容纳数量
    "ammoPerShot":6,//射击一次用多少子弹
	"ammoTypes":{//所用弹药
		"tzwkpd":{//子弹所需物品
            "type":"BasicBulletType",//子弹类型
            //"sprite":"znzd",//子弹贴图
			"width":10,//子弹宽
			"height":15,//子弹长
			"shrinkY":0,//子弹大小缩放
			"knockback":3,//击退
			//"backColor":"000000",//子弹-back贴图颜色
			//"frontColor":"000000",//子弹贴图颜色
			"collides":true,//子弹是否碰撞
            "collidesAir":false,//子弹是否与空中单位碰撞
			"keepVelocity":true,//子弹巡航是否锁定速度
			"speed":20,//子弹速度
			"damage":250,//子弹伤害
			"splashDamageRadius":0,//子弹范围伤害的范围
			"splashDamage":0,//子弹范围伤害的伤害
			"pierce":false,//子弹是否贯穿单位
			"pierceBuilding":false,//子弹是否贯穿建筑
			"lifetime":60,//子弹巡航(存在)时间
            "ammoMultiplier":1,//1物品等于多少子弹
            "status":"freezing",//子弹击中敌人给予的效果
		}
    },
    "requirements":[
        {"item":"copper","amount":5500}
        {"item":"graphite","amount":6000}
        {"item":"silicon","amount":4500}
        {"item":"plastanium","amount":6000}
        {"item":"surge-alloy","amount":12000}
        {"item":"yswzLV4","amount":3500}
    ],
    "category":"turret",
    "research":"gxfy"
}