{
	"type": "GenericCrafter",
	"name": "初级芯片制造机",
	"description": "制造初级芯片的机器",
	"outputItem": {
		"item": "初级芯片", "amount": 1
	},
	"itemCapacity": 50,
	"size": 3,
	"hasPower": true,
	"hasLiquids": fales,
	"hasItems": true,
	"craftTime": 2,
	"updateEffect": "smeltsmoke",
	"consumes": {
		"power": 30.0
		"items": {
			"items": [
				{ "item": "晶体管", "amount": 1000 },
      { "item": "防氧化铜丝", "amount": 30 },
      { "item": "silicon", "amount": 2 }
			]
		},
	},
	"requirements": [
   { "item": "copper", "amount": 190 },
   { "item": "lead", "amount": 130 },
		{ "item": "silicon", "amount": 210 },
		{ "item": "thorium", "amount": 260 },
   { "item": "graphite", "amount": 170 },
   { "item": "titanium", "amount": 110 },
   { "item": "金锭", "amount": 90 },
   { "item": "晶体管", "amount": 300 }
	],
	"category": "crafting",
	"research": "晶体管制造机",
	"idleSound": "respawning",
	"idleSoundVolume": 0.5
}