{
	"type": "GenericCrafter",
	"name": "卷板机-金",
	"description": "将金锭通过一系列骚操作变成一块金板",
	"outputItem": {
		"item": "金板", "amount": 1
	},
	"itemCapacity": 50,
	"size": 2,
	"hasPower": true,
	"hasLiquids": fales,
	"hasItems": true,
	"craftTime": 60,
	"updateEffect": "smeltsmoke",
	"consumes": {
		"power": 1.0
		"items": {
			"items": [
				{ "item": "金锭", "amount": 1 }
			]
		},
	},
	"requirements": [
   { "item": "copper", "amount": 30 },
   { "item": "lead", "amount": 60 },
		{ "item": "silicon", "amount": 30 },
		{ "item": "thorium", "amount": 10 },
   { "item": "graphite", "amount": 30 },
   { "item": "titanium", "amount": 35 }
	],
	"category": "crafting",
	"research": "模具(金)",
	"idleSound": "respawning",
	"idleSoundVolume": 0.5
}