{
	"type": "GenericSmelter",
	"name": "大型玻璃厂",
	"description": "吃电时代",
	"outputItem": {
		"item": "metaglass", "amount": 5
	},
	"itemCapacity": 200,
	"size": 4,
	"hasPower": true,
	"hasLiquids": true,
	"hasItems": true,
	"craftTime": 1.0,
	"updateEffect": "smeltsmoke",
	"consumes": {
		"power": 100.0
		"items": {
			"items": [
				{ "item": "lead", "amount": 5 }
				{ "item": "sand", "amount": 10 }
			]
		},
	},
	"requirements": [
   { "item": "copper", "amount": 300 },
   { "item": "lead", "amount": 300 },
   { "item": "graphite", "amount": 200 },
		{ "item": "metaglass", "amount": 100 },
		{ "item": "silicon", "amount": 150 },
		{ "item": "thorium", "amount": 100 },
   { "item": "titanium", "amount": 200 }
	],
	"category": "crafting",
	"research": "大型硅厂",
	"idleSound": "respawning",
	"idleSoundVolume": 0.5
}