{
	"type": "GenericSmelter",
	"name": "大型塑钢厂",
	"description": "电力危机",
	"health": 140,
	"liquidCapacity": 200,
	"itemCapacity": 60,
	"outputItem": {"item": "plastanium", "amount": 1},
	"size": 4,
	"hasPower": true,
	"hasLiquids": true,
	"hasItems": true,
	"craftTime": 1.0,
	"updateEffect": "smeltsmoke",
	"consumes": {
		"power": 200.0,
		"items": {
			"items": [
				{ "item": "titanium", "amount": 4 }
			]
		},
		"liquid": {
			"liquid": "oil",
			"amount": 3.0
		}
	},
	"requirements": [
		{ "item": "lead", "amount": 600 },
		{ "item": "titanium", "amount": 400 },
		{ "item": "copper", "amount": 600 },
   { "item": "thorium", "amount": 350 },
   { "item": "graphite", "amount": 400 },
   { "item": "silicon", "amount": 350 },
   { "item": "metaglass", "amount": 350 },
   { "item": "plastanium", "amount": 250 },
		{"item": "surge-alloy", "amount": 100 }
	],
	"category": "crafting",
	"research": "大型合金厂",
	"idleSound": "respawning",
	"idleSoundVolume": 0.5
}
