{
	"type": "GenericSmelter",
	"name": "大型硅厂",
	"description": "五倍的耗电，五倍的快乐!(神蹋马五倍耗电!!!)",
	"outputItem": {
		"item": "silicon", "amount": 5
	},
	"itemCapacity": 200,
	"size": 4,
	"hasPower": true,
	"hasLiquids": true,
	"hasItems": true,
	"craftTime": 1.0,
	"updateEffect": "smeltsmoke",
	"consumes": {
		"power": 60.0
		"items": {
			"items": [
				{ "item": "coal", "amount": 5 }
				{ "item": "sand", "amount": 10 }
			]
		},
	},
	"requirements": [
   { "item": "copper", "amount": 300 },
   { "item": "lead", "amount": 300 },
		{ "item": "metaglass", "amount": 100 },
		{ "item": "silicon", "amount": 150 },
		{ "item": "thorium", "amount": 100 },
   { "item": "graphite", "amount": 120 },
   { "item": "titanium", "amount": 150 }
	],
	"category": "crafting",
	"research": "大型石墨压缩厂",
	"idleSound": "respawning",
	"idleSoundVolume": 0.5
}