{
	"type": "GenericCrafter",
	"name": "大型石墨压缩厂",
	"description": "诶?我是不是亏啦?!",
	"outputItem": {
		"item": "graphite", "amount": 1
	},
	"itemCapacity": 50,
	"size": 4,
	"hasPower": true,
	"hasLiquids": fales,
	"hasItems": true,
	"craftTime": 1.0,
	"updateEffect": "smeltsmoke",
	"consumes": {
		"power": 20.0
		"items": {
			"items": [
				{ "item": "coal", "amount": 3 }
			]
		}
	},
	"requirements": [
   { "item": "copper", "amount": 100 },
   { "item": "lead", "amount": 100 },
		{ "item": "silicon", "amount": 100 },
		{ "item": "thorium", "amount": 70 },
   { "item": "graphite", "amount": 90 },
   { "item": "titanium", "amount": 70 },
   { "item": "silicon", "amount": 50 }
	],
	"category": "crafting",
	"research": "矿脉钻头",
	"idleSound": "respawning",
	"idleSoundVolume": 0.5
}