{
	"type":"GenericSmelter",
	"name":"大型合金厂",
	"description":"劳资的电!",
	"outputItem":{"item":"surge-alloy","amount":1},
	"size":4,
	"hasPower":true,
	"hasLiquids":false,
	"hasItems":true,
	"itemCapacity":50,
	"craftTime":1.0,
	"updateEffect":"smeltsmoke",
	"consumes":{
		"power":400.0,
		"items":{
			"items":[
				{"item":"copper","amount":3}
				{"item":"lead","amount":4}
				{"item":"titanium","amount":2}
				{"item":"silicon","amount":3}
			]
		},
	},
	"requirements":[
   {"item": "copper", "amount": 1500 },
		{"item": "lead", "amount": 900 },
		{"item": "silicon", "amount": 800 },
		{"item": "thorium", "amount": 700 },
		{"item": "plastanium", "amount": 500 },
   {"item": "titanium", "amount": 600 },
   {"item": "metaglass", "amount": 500 },
		{"item": "surge-alloy", "amount": 350 },
   {"item": "phase-fabric", "amount": 100 }
	],
	"category":"crafting",
	"research": "大型玻璃厂"
}