{
	"type": "GenericSmelter",
	"name": "大型编织厂",
	"description": "对于这个耗电量我不知道该说啥",
	"outputItem": {
		"item": "phase-fabric", "amount": 2
	},
	"itemCapacity": 200,
	"size": 4,
	"hasPower": true,
	"hasLiquids": true,
	"hasItems": true,
	"craftTime": 1.0,
	"updateEffect": "smeltsmoke",
	"consumes": {
		"power": 800.0
		"items": {
			"items": [
				{ "item": "thorium", "amount": 4 }
				{ "item": "sand", "amount": 20 }
			]
		},
	},
	"requirements": [
   { "item": "copper", "amount": 300 },
   { "item": "lead", "amount": 300 },
		{ "item": "metaglass", "amount": 100 },
		{ "item": "silicon", "amount": 150 },
		{ "item": "thorium", "amount": 100 },
   { "item": "graphite", "amount": 120 },
   { "item": "titanium", "amount": 150 },
   { "item": "plastanium", "amount": 350 },
   { "item": "surge-alloy", "amount": 300 },
   { "item": "phase-fabric", "amount": 350 }
	],
	"category": "crafting",
	"research": "大型合金厂",
	"idleSound": "respawning",
	"idleSoundVolume": 0.5
}