{
	"type": "GenericCrafter",
	"name": "拉丝机-铜",
	"description": "字面意思(我真想把画贴图的那位捶死)",
	"outputItem": {
		"item": "铜丝", "amount": 70
	},
	"itemCapacity": 75,
	"size": 3,
	"hasPower": true,
	"hasLiquids": fales,
	"hasItems": true,
	"craftTime": 150,
	"updateEffect": "smeltsmoke",
	"consumes": {
		"power": 3.0
		"items": {
			"items": [
				{ "item": "copper", "amount": 1 }
			]
		},
	},
	"requirements": [
   { "item": "copper", "amount": 130 },
   { "item": "lead", "amount": 100 },
		{ "item": "silicon", "amount": 60 },
   { "item": "graphite", "amount": 30 },
   { "item": "titanium", "amount": 100 }
	],
	"category": "crafting",
	"research": "金箔制造机",
	"idleSound": "respawning",
	"idleSoundVolume": 0.5
}