{
	"type": "GenericCrafter",
	"name": "晶体管制造机",
	"description": "制造处理器里最重要的晶体管",
	"outputItem": {
		"item": "晶体管", "amount": 1000
	},
	"itemCapacity": 1000,
	"size": 3,
	"hasPower": true,
	"hasLiquids": fales,
	"hasItems": true,
	"craftTime": 150,
	"updateEffect": "smeltsmoke",
	"consumes": {
		"power": 3.0
		"items": {
			"items": [
				{ "item": "防氧化铜丝", "amount": 100 },
      { "item": "铜丝", "amount": 100 },
      { "item": "silicon", "amount": 1 },
      { "item": "plastanium", "amount": 1 },
      { "item": "metaglass", "amount": 1 }
			]
		},
	},
	"requirements": [
   { "item": "copper", "amount": 200 },
   { "item": "lead", "amount": 130 },
		{ "item": "silicon", "amount": 100 },
   { "item": "graphite", "amount": 100 },
   { "item": "titanium", "amount": 160 },
   { "item": "plastanium", "amount": 60 },
   { "item": "metaglass", "amount": 100 }
	],
	"category": "crafting",
	"research": "防氧化铜丝制造机",
	"idleSound": "respawning",
	"idleSoundVolume": 0.5
}