{
	"type": "GenericSmelter",
	"name": "模具-金",
	"description": "把熔融金铸成锭",
	"health": 40,
	"liquidCapacity": 15,
	"itemCapacity": 2,
	"outputItem": {"item": "金锭", "amount": 1},
	"size": 1,
	"hasPower": false,
	"hasLiquids": true,
	"hasItems": true,
	"craftTime": 60.0,
	"updateEffect": "smeltsmoke",
	"consumes": {
		"liquid": {
			"liquid": "熔融金",
			"amount": 0.25
		}
	},
	"requirements": [
		{ "item": "lead", "amount": 50 },
		{ "item": "titanium", "amount": 10 },
		{ "item": "copper", "amount": 50 },
	],
	"category": "crafting",
	"research": "熔炼机(金)",
	"idleSound": "respawning",
	"idleSoundVolume": 0.5
}
