{
	"type": "GenericCrafter",
	"name": "洗金机",
	"description": "将不纯净的金清洗成可熔炼的金矿石",
	"outputItem": {
		"item": "金矿石", "amount": 2
	},
	"itemCapacity": 50,
	"size": 2,
	"hasPower": true,
	"hasLiquids": true,
	"hasItems": true,
	"craftTime": 60,
	"updateEffect": "smeltsmoke",
	"consumes": {
		"power": 1.0
		"items": {
			"items": [
				{ "item": "不纯净的金", "amount": 5 }
			]
		},
		"liquid": {
			"liquid": "water",
			"amount": 2.0
		}
	},
	"requirements": [
   { "item": "copper", "amount": 100 },
   { "item": "lead", "amount": 100 },
		{ "item": "silicon", "amount": 30 },
		{ "item": "thorium", "amount": 5 },
   { "item": "graphite", "amount": 30 },
   { "item": "titanium", "amount": 35 }
	],
	"category": "crafting",
	"research": "矿脉钻头",
	"idleSound": "respawning",
	"idleSoundVolume": 0.5
}