{
	"type": "GenericSmelter",
	"name": "溶金机",
	"description": "将固体金矿石熔炼成液态",
	"health": 50,
	"itemCapacity": 6,
	"liquidCapacity": 20,
	"outputLiquid": {"liquid": "熔融金", "amount": 10},
	"size": 2,
	"hasPower": true,
	"hasItems": true,
	"hasLiquids": true,
	"craftTime": 160,
	"updateEffect": "smeltsmoke",
	"consumes": {
		"power": 1.0,
		"items": {
			"items": [
      { "item": "金矿石", "amount": 3 }
			]
		}
	},
	"requirements": [
		{ "item": "copper", "amount": 25 }
	],
	"category": "crafting",
	"research":"kiln",
	"idleSound": "洗矿机(金)",
	"idleSoundVolume": 0.12
}
