{
	"type": "Conveyor",
	"name": "牵引传送带",
	"description": "利用高频的牵引光束来传输物品的传送带，造价昂贵，不过传输速度令人满意",
	"requirements": [
  { "item": "copper", "amount": 50 },
  { "item": "lead", "amount": 50 },
  { "item": "thorium", "amount": 40 },
  { "item": "metaglass", "amount": 40 },
  { "item": "plastanium", "amount": 40 },
  { "item": "surge-alloy", "amount": 20 },
  { "item": "金锭", "amount": 35 },
  { "item": "晶体管", "amount":75 }
	],
	"category": "distribution",
	"speed": 0.4,
	"research": "真空传送带"
}