{
	"type": "Conveyor",
	"name": "真空传送带",
	"description": "内部是真空的传送带，拥有更高的传输速度(某mod的磁悬浮传送带：我*你妈的,往老子身上装几个灯就变成原创贴图啦?!)",
	"requirements": [
  { "item": "copper", "amount": 5 },
  { "item": "lead", "amount": 5 },
  { "item": "thorium", "amount": 4 },
  { "item": "metaglass", "amount": 4 },
  { "item": "plastanium", "amount": 2 },
	],
	"category": "distribution",
	"speed": 0.2,
	"research": "矿脉钻头"
}