{
    "type": "SingleTypeGenerator",
    "name": "瞎JB烧发电机(这绝对不是正常的发电机)",
    "description": "诶,等等,巨浪合金不是不可以烧吗?!烧相织布干啥!烧硅又干鸡毛!别尼玛烧钢化玻璃啊!再烧塑钢老子就没钛啦!劳资石墨呀55555(T_T)",
    "size": 4,
    "health": 10,
    "itemCapacity": 100,
    "hasLiquids": false,
    "hasItems": true,
    "powerProduction": 95
        "consumes": {
		"items": {
			"items": [
      { "item": "surge-alloy", "amount": 10 },
      { "item": "phase-fabric", "amount": 10 },
      { "item": "silicon", "amount": 10 },
      { "item": "metaglass", "amount": 10 },
      { "item": "plastanium", "amount": 10 },
      { "item": "graphite", "amount": 10 }
			],
			"optional": true
		}
	},
    "requirements": [
		{"item": "copper", "amount": 500},
   {"item": "thorium", "amount": 200},
   {"item": "titanium", "amount": 300},
   {"item": "silicon", "amount": 100},
		{"item": "surge-alloy", "amount": 30},
	],
	"category": "power",
	"research": "矿脉钻头"
}