{
	"type": "GenericSmelter",
	"name": "萝莉娇喘福利",
	"description": "打开音效，带上耳机，声音最大，扔铜进去，享受娇喘(铜的数量不要大于9，不然不工作)",
	"outputItem": {"item": "copper", "amount": 1},
	"size": 1,
	"hasItems": true,
	"craftTime": 1620,
	"updateEffect": "smeltsmoke",
	"consumes": {
		"items": {
			"items": [
				{ "item": "copper", "amount": 1 }
			]
		},
	},
	"requirements": [
		
		{ "item": "copper", "amount": 1}
	],
	"category": "crafting",
	"research": "矿脉钻头",
	"idleSound": "萝莉娇喘福利",
	"idleSoundVolume":27
}
