{
	"type": "ArtilleryTurret",
	"name": "装甲型阿尔法机枪塔",
	"description": "我承认我只是在上面镀了层金",
	"health":5000,
	"ratateSpeed":1,
	"size":2,
	"reload":4 ,
	"range": 200,
	"targetGround":true,
	"targetAir":true,
	"ammoUseEffect": "bigShockwave",
	"inaccuracy": 3,
	"rotatespeed": 10,
	"ammo": {
		"copper": {
			"splashDamageRadius":10,
			"splashDamage":10,
			"speed": 10,
			"damage": 10,
			"bulletWidth": 2,
			"bulletHeight": 3,
			"shootEffect": "shootSmall",
			"smokeEffect": "shootSmallSmoke",
			"lifetime":600,
			"backColor":"0000ff",
			"fontColor":"0000ff",
			"heatColor":"0000ff",
			"trailColor":"0000ff",

		}
	},
	"requirements": [
		{ "item": "copper", "amount": 100 },
		{ "item": "silicon", "amount": 150 },
		{ "item": "lead", "amount": 100 },
   { "item": "thorium", "amount": 70 },
   { "item": "titanium", "amount": 70 },
   { "item": "plastanium", "amount": 30 },
   { "item": "surge-alloy", "amount": 70 },
   { "item": "金矿石", "amount": 50 }
	],
	"category": "turret",
	"research": "阿尔法机枪塔"
}
