{
	"name": "重型矿脉钻头",
	"description": "更快的挖矿速度和更高的耗电量",
	"type": "drill",
	"size": 4,
	"tier": 4,
	"drillTime": 0.2,
	"consumes": {
   "power": 1000.0
 },
	"requirements": [
		{ "item": "copper", "amount": 200 },
		{ "item": "silicon", "amount": 100 },
		{ "item": "graphite", "amount": 100 },
		{ "item": "surge-alloy", "amount": 50 },
   { "item": "金锭", "amount": 90 },
   { "item": "金板", "amount": 150 },
   { "item": "初级芯片", "amount": 10 }

	],
	"category": "production",
	"research": "矿脉钻头"
}
