{
	"type": "ArtilleryTurret",
	"name": "重创者巨炮",
	"description": "可以给敌方造成重创的重型远程精准炮台，就是射速太慢了(无加成大约83秒1发，这射速有够慢)",
	"health":10000,
	"ratateSpeed":1000,
	"size":4,
	"reload":5000 ,
	"range": 1700,
	"targetGround":true,
	"targetAir":true,
	"ammoUseEffect": "bigShockwave",
	"inaccuracy": 0,
	"rotatespeed": 1000,
	"ammo": {
		"初级芯片": {
			"splashDamageRadius":10,
			"splashDamage":10,
			"speed": 20,
			"damage": 20000,
			"bulletWidth": 5,
			"bulletHeight": 7,
			"trailEffect": "nuclearShockwave",
			"smokeEffect": "bigShockwave",
			"ammoMultiplier": 10,
			"lifetime":100000,
			"backColor":"ffffff",
			"fontColor":"ffffff",
			"heatColor":"ffffff",
			"trailColor":"ffffff",

		}
	},
	"requirements": [
		{ "item": "初级芯片", "amount": 100 },
		{ "item": "silicon", "amount": 4000 },
		{ "item": "lead", "amount": 3000 },
   { "item": "thorium", "amount": 3000 },
   { "item": "titanium", "amount": 3000 },
   { "item": "plastanium", "amount": 3000 },
   { "item": "surge-alloy", "amount": 1000 },
   { "item": "金锭", "amount": 3000 }
	],
	"category": "turret",
	"research": "装甲阿尔法机枪塔"
}
