{
	"type": "GenericCrafter",
	"name": "金箔制造机",
	"description": "将金板通过N种操作过程制做成金箔(这操作不正常)",
	"outputItem": {
		"item": "金箔", "amount": 10
	},
	"itemCapacity": 50,
	"size": 4,
	"hasPower": true,
	"hasLiquids": fales,
	"hasItems": true,
	"craftTime": 150,
	"updateEffect": "smeltsmoke",
	"consumes": {
		"power": 3.0
		"items": {
			"items": [
				{ "item": "金板", "amount": 1 }
			]
		},
	},
	"requirements": [
   { "item": "copper", "amount": 130 },
   { "item": "lead", "amount": 100 },
		{ "item": "silicon", "amount": 60 },
		{ "item": "thorium", "amount": 120 },
   { "item": "graphite", "amount": 30 },
   { "item": "titanium", "amount": 100 }
	],
	"category": "crafting",
	"research": "卷板机(金)",
	"idleSound": "respawning",
	"idleSoundVolume": 0.5
}