{
	"type": "GenericCrafter",
	"name": "防氧化铜丝制造机",
	"description": "利用金的防氧化性来制造防氧化的铜丝",
	"outputItem": {
		"item": "防氧化铜丝", "amount": 140
	},
	"itemCapacity": 280,
	"size": 3,
	"hasPower": true,
	"hasLiquids": fales,
	"hasItems": true,
	"craftTime": 150,
	"updateEffect": "smeltsmoke",
	"consumes": {
		"power": 10.0
		"items": {
			"items": [
				{ "item": "铜丝", "amount": 140 },
      { "item": "金箔", "amount": 1 }
			]
		},
	},
	"requirements": [
   { "item": "copper", "amount": 130 },
   { "item": "lead", "amount": 100 },
		{ "item": "silicon", "amount": 60 },
   { "item": "graphite", "amount": 30 },
   { "item": "titanium", "amount": 100 },
   { "item": "surge-alloy", "amount": 30 },
   { "item": "金锭", "amount": 70 }
	],
	"category": "crafting",
	"research": "拉丝机(铜)",
	"idleSound": "respawning",
	"idleSoundVolume": 0.5
}