{
	"type": "ArtilleryTurret",
	"name": "阿尔法机枪塔",
	"description": "嗒嗒嗒!",
	"health":2500,
	"ratateSpeed":1,
	"size":2,
	"reload":4 ,
	"range": 200,
	"targetGround":true,
	"targetAir":true,
	"ammoUseEffect": "bigShockwave",
	"inaccuracy": 3,
	"rotatespeed": 10,
	"ammo": {
		"copper": {
			"splashDamageRadius":10,
			"splashDamage":10,
			"speed": 10,
			"damage": 10,
			"bulletWidth": 2,
			"bulletHeight": 3,
			"trailEffect": "nuclearShockwave",
			"smokeEffect": "bigShockwave",
			"ammoMultiplier": 10,
			"lifetime":600,
			"backColor":"0000ff",
			"fontColor":"0000ff",
			"heatColor":"0000ff",
			"trailColor":"0000ff",

		}
	},
	"requirements": [
		{ "item": "copper", "amount": 100 },
		{ "item": "silicon", "amount": 150 },
		{ "item": "lead", "amount": 100 },
   { "item": "thorium", "amount": 70 },
   { "item": "titanium", "amount": 70 },
   { "item": "plastanium" "amount": 30 }
	],
	"category": "turret",
	"research": "矿脉钻头"
}
