{
    "type":"GenericCrafter",
    "health":"3200",
    "size":"9",
    "hasItems":"true",
    "consumesPower":"true",
    "itemCapacity":"10000",
    "craftTime":"6000",
    "consumes":{
        "power":30,
        "items":{
            "items":[
                {"item":"lg","amount":1}
                {"item":"silicon","amount":10000}
            ]
        }
    },
    "outputItem":
    {"item":"lg","amount":100},
    "requirements":[
        {"item":"copper","amount":2300}
        {"item":"lead","amount":5600}
        {"item":"titanium","amount":8200}
        {"item":"thorium","amount":8200}
        {"item":"graphite","amount":930}
        {"item":"silicon","amount":1500}
        {"item":"surge-alloy","amount":1000}
        {"item":"plastanium","amount":600}
        {"item":"phase-fabric","amount":200}
        {"item":"yswzLV4","amount":100}
    ],
    "category":"crafting",
    "research":"hbysjLV4"
}