{
    "type":"GenericSmelter",
    "health":800,
    "size":6,
    "hasItems":true,
    "hasLiquids":true,
    "consumesPower":true,
    "itemCapacity":20,
    "liquidCapacity":180,
    "craftTime":600,
    "flameColor":"a9d8ff",
    "consumes":{
        "power":5,
        "items":{
            "items":[
                {"item":"ychj","amount":5}
            ]
        },
        "liquid":{
            "liquid":"cryofluid","amount":1
        }
    },
    "outputItem":
    {"item":"tqzspd","amount":1},
    "requirements":[
        {"item":"copper","amount":500}
        {"item":"lead","amount":250}
        {"item":"titanium","amount":300}
        {"item":"thorium","amount":500}
        {"item":"graphite","amount":200}
        {"item":"silicon","amount":700}
        {"item":"plastanium","amount":200}
        {"item":"phase-fabric","amount":100}
    ],
    "category":"crafting",
    "research":"dytjjhcq"
}