{
    "type":"GenericCrafter",
    "name":"[yellow]☢[white]混合物混合器",
    "description":"[white]将钍和爆炸混合物混合成[yellow]放射[white]混合物。
生命值：360
大小：3
能量消耗：0.8 (48)
物品储量：20
生产速度：60 (1秒)
可以被超频
“我怕它哪天因为某些原因炸了而把整个厂房扬喽”",
    "health":"360",
    "size":"3",
    "hasItems":"true",
    "consumesPower":"true",
    "itemCapacity":"20",
    "craftTime":"60",
    "consumes":{
        "power":0.8,
        "items":{
            "items":[
                {"item":"blast-compound","amount":2}
                {"item":"thorium","amount":1}
            ]
        }
    },
    "outputItem":
    {"item":"☢hhw","amount":1},
    "requirements":[
        {"item":"copper","amount":2300}
        {"item":"lead","amount":5600}
        {"item":"titanium","amount":8200}
        {"item":"thorium","amount":8200}
        {"item":"graphite","amount":930}
        {"item":"silicon","amount":1500}
        {"item":"surge-alloy","amount":1000}
        {"item":"plastanium","amount":600}
        {"item":"phase-fabric","amount":200}
    ],
    "category":"crafting",
    "research":"gxsc"
}