{
    "type":"Conveyor",
    "name":"钍传送带",
    "description":"[white]更高级物品传送带，运送物品的速度 略微 快于钛传送带。
速度:0.09
“我觉得钛传送带更适用”",
    "health":"85",
    "speed":"0.09",
    "breakable":"true",
    "requirements":[
        {"item":"copper","amount":1}
        {"item":"lead","amount":1}
        {"item":"titanium","amount":1}
        {"item":"thorium","amount":1}
    ],
    "category":"distribution",
    "research":"gxys"
}