{
    "type":"ImpactReactor",
    "name":"[pink]临界能量反应堆",
    "description":"[white]通过向[pink]临界晶体[white]注入大量能量使其达到极限临界值从而释放更多能量，
一颗晶体平均能使用一天，所以你不用太过担心它的晶体消耗问题，
[red]你应该去担心临界水晶因损坏而爆炸释放电磁脉冲和冷却液供应问题。
[white]生命值：5800
大小：8
能量使用：10000 (60万)
发电量：30000 (180万)
发电时间：5184000 (86400秒/一天)
启动时间倍率：0.001
物品储量：1
液体储量：10000 (60万)
爆炸范围：100000 (别想了你跑不掉的)
爆炸伤害：10000000 (别想了你防不住的)
可以被超频
“这要是炸了我认为半个星球的电都会没掉”",
    "health":5800,
    "size":8,
    "hasItems":true,
    "itemCapacity":1,
    "hasLiquids":true,
    "liquidCapacity":10000,
    "itemDuration":5184000,
    "powerProduction":30000,
    "warmupSpeed":0.001,
    "explosionRadius":100000,
    "explosionDamage":10000000,
    "consumes":{
        "power":10000,
        "items":{
            "items":[
                {"item":"ljjt","amount":1}
            ]
        },
        "liquid":{"liquid":"cryofluid","amount":30}
    },
    "requirements":[],
    "category":"power",
    "research":"lgsbfdj",

    "buildVisibility":"sandboxOnly"
}