{
    "type":"ItemTurret",//类型
    "health":10240,//生命值
    "size":9,//大小
    "hasItems":"true",//是否存储物品
    "itemCapacity":100,//物品储量
    "reloadTime":0.125,//射速
    "inaccuracy":0,//精准度
    "rotateSpeed":240,//炮台旋转速度
    "range":800,//范围
    "shots":6,//一次发射子弹的数量
    "shootCone":5,//瞄准最大偏角
    "spread":2,//子弹散布区域
    "recoilAmount":3,//炮台后座力
    "restitution":0.05,//回复原位速度
    "alternate":false,//是否交替射击
    //"shotWidth":4,//炮口的间距
    "targetGround":"true",//是否瞄准地面单位
    "targetAir":"false",//是否瞄准空中单位
    "shootSound":"shotgun",//射击音效
    "maxAmmo":600,//弹仓容纳数量
    "ammoPerShot":6,//射击一次用多少子弹
	"ammoTypes":{//所用弹药
		"copper":{//子弹所需物品
            "type":"BasicBulletType",//子弹类型
            //"sprite":"znzd",//子弹贴图
			"width":10,//子弹宽
			"height":15,//子弹长
			"shrinkY":0,//子弹大小缩放
			"knockback":3,//击退
			//"backColor":"000000",//子弹-back贴图颜色
			//"frontColor":"000000",//子弹贴图颜色
			"collides":true,//子弹是否碰撞
            "collidesAir":false,//子弹是否与空中单位碰撞
			"keepVelocity":true,//子弹巡航是否锁定速度
			"speed":20,//子弹速度
			"damage":250,//子弹伤害
			"splashDamageRadius":0,//子弹范围伤害的范围
			"splashDamage":0,//子弹范围伤害的伤害
			"pierce":false,//子弹是否贯穿单位
			"pierceBuilding":false,//子弹是否贯穿建筑
			"lifetime":60,//子弹巡航(存在)时间
            "ammoMultiplier":1,//1物品等于多少子弹
            "status":"freezing",//子弹击中敌人给予的效果
		}
    },
    "requirements":[
        {"item":"copper","amount":5500}
        {"item":"graphite","amount":6000}
        {"item":"silicon","amount":4500}
        {"item":"plastanium","amount":6000}
        {"item":"surge-alloy","amount":12000}
        {"item":"yswzLV4","amount":3500}
    ],
    "category":"turret",
    "research":"gxfy"
}