{
    "type":"UnitFactory",
    "name":"[white]常胜级空军构建平台",
    "description":"[white]制造常胜级空军。
生命值：2300
大小：14
生产单位：[lime]鲲鹏[white]
“起飞~飞飞飞~”",
    "health":2300,
    "size":14,
    "itemCapacity":50000,
    "plans":[
        {
            "unit":"kp",
            "time":6000,
            "requirements":[
                {"item":"titanium","amount":20000}
                {"item":"thorium","amount":15000}
                {"item":"graphite","amount":10000}
                {"item":"silicon","amount":7500}
                {"item":"surge-alloy","amount":5000}
                {"item":"plastanium","amount":7500}
                {"item":"phase-fabric","amount":2500}
                {"item":"yswzLV4","amount":2500}
            ]
        }
    ],
    "requirements":[
        {"item":"surge-alloy","amount":650}
        {"item":"plastanium","amount":1000}
        {"item":"yswzLV3","amount":2000}
    ],
    "category":"units",
    "research":"gxdw"
}