{
    "name":"[red]工业革新重制版",
    "author":"幻森233_(虽然你看见我我不会承认)",
    "description":"废话：
做了个中文语言文件，删了点东西，做了点平衡性，改了点名，优化了点代码

没了

版本：
重制版将不会支持6.0以下的版本，老版本请去玩非重制版；
mod版本号将随缘，你可能会看见奇怪的版本号；
mod偏向电脑端玩家，手机端出问题请自行解决；
**更 新 随 缘**

更新：
自己找，某些情况记得拆包

模组常驻下载地址和开源地址：
https://github.com/HuanSen233/-INDUSTRIAL-INNOVATION-mods-source-code-

没错源码和模组都放一个里面了(笑)

官方帖子：
https://tieba.baidu.com/p/7335490223

除了更新我很少会去看帖子",
    "version":"[white]LV19  [red]更新啥的去他妈",
    "minGameVersion":"106"
}