{
    "type":"Wall",
    "name":"[white]革新技术工业科技有限公司授权证书",
    "description":"[white]欢迎使用革新科技(awa)

我们致力于研究银河系中的各种极危险的物质，
并将其转换成极有用的材料，
顺便将挡路的任何外星文明给予灭绝。

大小:1
生命值:1
无法阻挡敌人
“坚 不 可 摧 (建了别后悔)”",
    "buildVisibility":"sandboxOnly",
    "size":"1",
    "health":"1",
    "breakable":"false",
    "solid":"false",
    "destructible":"false",
    "requirements":[],
    "category":"defense",
    "research":"core-shard"
}