{
    "type":"GenericCrafter",
    "name":"[white]核弹头制造机",
    "description":"[white]制造核弹头，就这么简单。
生命值：450
大小：4
能量消耗：7 (420)
物品储量：60
生产速度：600 (10秒)
可以被超频
“这个核弹头不是用来打仗的”",
    "health":"450",
    "size":"4",
    "hasItems":"true",
    "consumesPower":"true",
    "itemCapacity":"60",
    "craftTime":"600",
    "consumes":{
        "power":7,
        "items":{
            "items":[
                {"item":"☢hhw","amount":30}
                {"item":"plastanium","amount":10}
            ]
        }
    },
    "outputItem":
    {"item":"hdddt","amount":1},
    "requirements":[
        {"item":"copper","amount":500}
        {"item":"lead","amount":650}
        {"item":"titanium","amount":1000}
        {"item":"thorium","amount":300}
        {"item":"graphite","amount":420}
        {"item":"metaglass","amount":700}
        {"item":"silicon","amount":600}
        {"item":"surge-alloy","amount":300}
        {"item":"plastanium","amount":100}
    ],
    "category":"crafting",
    "research":"fswhhq"
}