{
    "type":"PointDefenseTurret",//类型：点防炮
    "health":10240,//生命值
    "size":9,//大小
    "retargetTime":0,//重新瞄准所需时间
    "reloadTime":0.01,//射速
    "rotateSpeed":1000,//炮台旋转速度
    "shootCone":5,//瞄准最大偏角
    "range":500,//范围
    "bulletDamage":2500,//子弹伤害
    "shootLength":35,//激光离枪口距离
    "powerUse":600,//耗电量
    "color":"ffa500",//激光颜色
    //"beamEffect":"",//激光特效
    //"hitEffect":"",//击中特效
    //"shootEffect":"",//射击特效
    "shootSound":"rjfs",//射击音效
    "consumes":{
        "power":100
    },
    "requirements":[],
    "category":"turret",
    "research":"gxfy"
}