{
    "type":"ItemTurret",//类型
    "health":30720,//生命值
    "size":14,//大小
    "hasItems":true,//是否存储物品
    "itemCapacity":100,//物品储量
    "reloadTime":6000,//射速
    "inaccuracy":0,//精准度
    "rotateSpeed":600,//炮台旋转速度
    "range":1200,//范围
    "shots":1,//一次发射子弹的数量
    "shootCone":1,//瞄准最大偏角
    "spread":0,//子弹散布区域
    "recoilAmount":0,//炮台后座力
    "restitution":1,//回复原位速度
    "alternate":false,//是否交替射击
    "shotWidth":2,//炮口的间距
    "targetGround":false,//是否瞄准地面单位
    "targetAir":false,//是否瞄准空中单位
    "shootSound":"tqfs",//射击音效
    "shootEffect":"lancerLaserShoot",//射击特效
    "smokeEffect":"nuclearShockwave",//冒烟特效
    "heatColor":"5695d0",//发热颜色
    "maxAmmo":1,//弹仓容纳数量
    "ammoPerShot":1,//射击一次用多少子弹
	"ammoTypes":{//所用弹药
		"tqzspd":{//子弹所需物品
            "type":"BasicBulletType",//子弹类型
            "sprite":"[red]工业革新重制版-tqzd",//子弹贴图
			"width":20,//子弹宽
			"height":100,//子弹长
			"shrinkY":0,//子弹大小缩放
			"knockback":0,//击退
			//"backColor":"000000",//子弹-back贴图颜色
			//"frontColor":"000000",//子弹贴图颜色
			"collides":true,//子弹是否碰撞
			"keepVelocity":true,//子弹巡航是否锁定速度
			"speed":100,//子弹速度
			"damage":48000,//子弹伤害
			"splashDamageRadius":0,//子弹范围伤害的范围
			"splashDamage":0,//子弹范围伤害的伤害
			"pierce":true,//子弹是否贯穿单位
			"pierceBuilding":true,//子弹是否贯穿建筑
			"lifetime":20,//子弹巡航(存在)时间
            "ammoMultiplier":1,//1物品等于多少子弹
            "status":"melting"//子弹击中敌人给予的效果
		}
    },
    "requirements":[
        {"item":"copper","amount":10200}
        {"item":"graphite","amount":30000}
        {"item":"silicon","amount":45000}
        {"item":"plastanium","amount":9000}
        {"item":"surge-alloy","amount":52000}
        {"item":"phase-fabric","amount":12000}
        {"item":"yswzLV4","amount":25000}
        {"item":"lg","amount":10000}
        {"item":"ychj","amount":12000}
    ],
    "category":"turret",
    "research":"zn"
}