{
    "name":"[white]原子加速器8-6",
    "description":"[white]第六段用来加速原子的加速器。
生命值：1000
大小：4
能量消耗：100 (6000)
物品储量：1
液体存储：180
生产速度：6000 (100秒)
可以被超频
可以旋转
无法用装卸器卸载其中的物品
“现场除了嗡嗡声什么都没留下”",
    "health":1000,
    "size":4,
    "rotate":true,
    "unloadable":false,//能不能用卸载器卸载其中的物品
    "hasItems":true,
    "hasLiquids":true,
    "consumesPower":true,
    "itemCapacity":1,
    "liquidCapacity":180,
    "craftTime":6000,
    "flameColor":"a9d8ff",
    "consumes":{
        "power":100,
        "items":{
            "items":[
                {"item":"jsyz7-5","amount":1}
            ]
        },
        "liquid":{
            "liquid":"cryofluid","amount":1
        }
    },
    "outputItem":
    {"item":"jsyz7-6","amount":1},
    "requirements":[
        {"item":"silicon","amount":500}
        {"item":"surge-alloy","amount":100}
        {"item":"plastanium","amount":350}
        {"item":"phase-fabric","amount":70}
        {"item":"ychj","amount":700}
        {"item":"yswzLV4","amount":100}
    ],
    "category":"crafting",
    "research":"yzjsq8-5",
    "buildVisibility":"sandboxOnly"
}