{
    "type":"PayloadConveyor",
    "name":"[white]大型载荷传送带",
    "description": "[white]比那个小不点运的东西多多了，占的格子也更多了。
生命值：3300
大小：9
移动间隔：240 (4秒)
拖拽力：20
“所以说我到底是为了运什么才会去造这东西”",
    "health":3300,
    "size":9,
    "moveTime":240,
    "moveForce":20,
    "requirements":[],
    "category":"distribution",
    "research":"tcsd",
    "buildVisibility":"sandboxOnly"
}